title,author,isbn
Book Title 101,Author 101,9783161484100
Book Title 102,Author 102,9783161484101
Book Title 103,Author 103,9783161484102
Book Title 104,Author 104,9783161484103
Book Title 105,Author 105,9783161484104
Book Title 106,Author 106,9783161484105
Book Title 107,Author 107,9783161484106
Book Title 108,Author 108,9783161484107
Book Title 109,Author 109,9783161484108
Book Title 110,Author 110,9783161484109
Book Title 111,Author 111,9783161484110
Book Title 112,Author 112,9783161484111
Book Title 113,Author 113,9783161484112
Book Title 114,Author 114,9783161484113
Book Title 115,Author 115,9783161484114
Book Title 116,Author 116,9783161484115
Book Title 117,Author 117,9783161484116
Book Title 118,Author 118,9783161484117
Book Title 119,Author 119,9783161484118
Book Title 120,Author 120,9783161484119
Book Title 121,Author 121,9783161484120
Book Title 122,Author 122,9783161484121
Book Title 123,Author 123,9783161484122
Book Title 124,Author 124,9783161484123
Book Title 125,Author 125,9783161484124
Book Title 126,Author 126,9783161484125
Book Title 127,Author 127,9783161484126
Book Title 128,Author 128,9783161484127
Book Title 129,Author 129,9783161484128
Book Title 130,Author 130,9783161484129
Book Title 131,Author 131,9783161484130
Book Title 132,Author 132,9783161484131
Book Title 133,Author 133,9783161484132
Book Title 134,Author 134,9783161484133
Book Title 135,Author 135,9783161484134
Book Title 136,Author 136,9783161484135
Book Title 137,Author 137,9783161484136
Book Title 138,Author 138,9783161484137
Book Title 139,Author 139,9783161484138
Book Title 140,Author 140,9783161484139
Book Title 141,Author 141,9783161484140
Book Title 142,Author 142,9783161484141
Book Title 143,Author 143,9783161484142
Book Title 144,Author 144,9783161484143
Book Title 145,Author 145,9783161484144
Book Title 146,Author 146,9783161484145
Book Title 147,Author 147,9783161484146
Book Title 148,Author 148,9783161484147
Book Title 149,Author 149,9783161484148
Book Title 150,Author 150,9783161484149
Book Title 151,Author 151,9783161484150
Book Title 152,Author 152,9783161484151
Book Title 153,Author 153,9783161484152
Book Title 154,Author 154,9783161484153
Book Title 155,Author 155,9783161484154
Book Title 156,Author 156,9783161484155
Book Title 157,Author 157,9783161484156
Book Title 158,Author 158,9783161484157
Book Title 159,Author 159,9783161484158
Book Title 160,Author 160,9783161484159
Book Title 161,Author 161,9783161484160
Book Title 162,Author 162,9783161484161
Book Title 163,Author 163,9783161484162
Book Title 164,Author 164,9783161484163
Book Title 165,Author 165,9783161484164
Book Title 166,Author 166,9783161484165
Book Title 167,Author 167,9783161484166
Book Title 168,Author 168,9783161484167
Book Title 169,Author 169,9783161484168
Book Title 170,Author 170,9783161484169
Book Title 171,Author 171,9783161484170
Book Title 172,Author 172,9783161484171
Book Title 173,Author 173,9783161484172
Book Title 174,Author 174,9783161484173
Book Title 175,Author 175,9783161484174
Book Title 176,Author 176,9783161484175
Book Title 177,Author 177,9783161484176
Book Title 178,Author 178,9783161484177
Book Title 179,Author 179,9783161484178
Book Title 180,Author 180,9783161484179
Book Title 181,Author 181,9783161484180
Book Title 182,Author 182,9783161484181
Book Title 183,Author 183,9783161484182
Book Title 184,Author 184,9783161484183
Book Title 185,Author 185,9783161484184
Book Title 186,Author 186,9783161484185
Book Title 187,Author 187,9783161484186
Book Title 188,Author 188,9783161484187
Book Title 189,Author 189,9783161484188
Book Title 190,Author 190,9783161484189
Book Title 191,Author 191,9783161484190
Book Title 192,Author 192,9783161484191
Book Title 193,Author 193,9783161484192
Book Title 194,Author 194,9783161484193
Book Title 195,Author 195,9783161484194
Book Title 196,Author 196,9783161484195
Book Title 197,Author 197,9783161484196
Book Title 198,Author 198,9783161484197
Book Title 199,Author 199,9783161484198
Book Title 200,Author 200,9783161484199
